DATA,LEVES,PESADOS,TOTAL
Jan-06,105.27,122.98,108.91
Feb-06,101.6,122.37,106.75
Mar-06,102.61,120.89,106.58
Apr-06,102.04,122.49,106.63
May-06,100.76,121.32,105.78
Jun-06,100.6,121.07,104.61
Jul-06,102.2,123.46,107.39
Aug-06,103.22,122.84,107.77
Sep-06,103.64,123.56,107.77
Oct-06,104.1,123.84,108.11
Nov-06,104.93,125.73,109.58
Dec-06,105.48,128.99,110.65
Jan-07,106.15,126.84,110.91
Feb-07,107.87,126,112.45
Mar-07,107.1,128.44,111.03
Apr-07,107.41,126.44,112.13
May-07,106.3,126.08,111
Jun-07,109.19,129.14,113.6
Jul-07,109.26,128.37,113.71
Aug-07,109.42,132.04,114.45
Sep-07,114.28,131.97,117.79
Oct-07,113.07,134.66,117.96
Nov-07,112.47,133.27,116.72
Dec-07,111.48,132.53,116.34
Jan-08,113.32,136.14,118.26
Feb-08,111.92,135.87,117.73
Mar-08,115.22,133.89,120.04
Apr-08,115.72,135.66,119.8
May-08,118.7,133.89,122.43
Jun-08,117.19,140.68,121.96
Jul-08,119.46,139.82,124.39
Aug-08,116.92,136.52,121.27
Sep-08,116.33,139.2,121.01
Oct-08,115.94,136.88,120.39
Nov-08,116.52,135.58,120.79
Dec-08,117.79,128.18,120.47
Jan-09,114.77,127.2,117.32
Feb-09,119.48,128.99,121.71
Mar-09,118.46,129.15,120.15
Apr-09,119.36,132.1,122.7
May-09,120.42,132.16,123.43
Jun-09,121.77,132.12,123.85
Jul-09,119.3,130.27,122.02
Aug-09,121.46,130.42,123.39
Sep-09,123.23,132.37,125.24
Oct-09,127.6,134.97,129.09
Nov-09,123.07,139.46,126.42
Dec-09,124.85,138.52,128.08
Jan-10,120.9,139.29,124.87
Feb-10,124.44,143.31,128.43
Mar-10,122.39,147.89,128.48
Apr-10,126.21,144.51,130.2
May-10,127.79,149.96,133.53
Jun-10,127.97,147.07,132.54
Jul-10,129.2,146.9,133.52
Aug-10,132.26,150.12,136.06
Sep-10,132.36,149.44,136.28
Oct-10,132.88,150.6,136.84
Nov-10,133.98,150.51,137.63
Dec-10,134.79,153.48,139
Jan-11,134.74,152.67,138.9
Feb-11,134.06,152.94,136.36
Mar-11,136.66,154.26,141.92
Apr-11,136.78,156.18,141.35
May-11,135.42,158.87,141.23
Jun-11,140.69,156.07,144.25
Jul-11,136.67,159.99,142.27
Aug-11,136.82,157.99,142.03
Sep-11,136.74,157.65,141.36
Oct-11,137.88,156.22,142.09
Nov-11,137.51,158.14,142.44
Dec-11,138.36,161.36,143.49
Jan-12,140.44,158.15,144.47
Feb-12,144.21,158.48,146.53
Mar-12,141.8,160.66,145.15
Apr-12,142.4,158.16,146.37
May-12,142,157.35,146
Jun-12,143.49,159.46,147.43
Jul-12,145.19,159.74,148.58
Aug-12,143.32,165.9,148.67
Sep-12,147.85,162.22,151.04
Oct-12,145.66,163.32,149.91
Nov-12,147.43,163.19,150.61
Dec-12,145.96,160.8,148.82
Jan-13,146.24,165.09,150.99
Feb-13,145.15,161.54,147.44
Mar-13,148.15,163.03,151.46
Apr-13,143.94,169.32,149.47
May-13,150.54,163.55,153.66
Jun-13,149.11,168.17,153.76
Jul-13,150.49,166.38,154.89
Aug-13,152.49,167.97,156.14
Sep-13,152.47,168.33,155.68
Oct-13,154.23,167.15,157.13
Nov-13,156.73,165.29,158.52
Dec-13,154.36,162.15,154.98
Jan-14,156.42,165.01,158.45
Feb-14,157.09,168.58,156.89
Mar-14,155.64,163.07,158.19
Apr-14,156.22,162.57,157.42
May-14,156.04,160.84,157.05
Jun-14,155.95,154.19,155.17
Jul-14,147.37,158.79,150.59
Aug-14,160.13,159.58,159.67
Sep-14,156.25,160.42,156.76
Oct-14,158.26,162.19,158.81
Nov-14,158.49,162.18,158.96
Dec-14,161.06,158.43,159.36
Jan-15,158.68,158.51,158.45
Feb-15,155.82,149.8,152.78
Mar-15,152.9,159.26,153.25
Apr-15,158.5,149.65,155.98
May-15,155.82,151.28,154.35
Jun-15,159.64,149.35,156.94
Jul-15,153.07,149.61,152.5
Aug-15,156.62,150.9,155.09
Sep-15,156.38,149.15,154.16
Oct-15,159.64,149.82,156.91
Nov-15,150.55,149.57,149.55
Dec-15,154.51,149.18,151.78
Jan-16,150.41,146.5,149.09
Feb-16,155.48,147.58,152.35
Mar-16,152.55,146,150.53
Apr-16,153.06,145.76,150.37
May-16,154.19,140.57,150.33
Jun-16,149.06,144.19,147.7
Jul-16,151.8,142.11,149.87
Aug-16,150.81,138.55,147.93
Sep-16,149.28,138.39,145.64
Oct-16,149.71,134.02,145.82
Nov-16,150.15,137.89,146.83
Dec-16,151.38,144.71,148.15
Jan-17,153.22,140.72,149.65
Feb-17,154.23,143.27,150.44
Mar-17,155.8,141.11,151.13
Apr-17,152.42,138.48,148.49
May-17,154.88,142.88,151.73
Jun-17,157.04,142.78,153.06
Jul-17,155.96,144.31,153.67
Aug-17,153.86,143.85,151.05
Sep-17,156.02,145.41,153.13
Oct-17,155.24,144.47,152.42
Nov-17,153.27,144.41,150.25
Dec-17,154.82,150.73,152.2
Jan-18,155.18,146.42,153.04
Feb-18,154.96,145.77,151.79
Mar-18,154.82,148.15,152.47
Apr-18,158.67,147.6,154.79
May-18,140.26,107.12,131.89
Jun-18,144.89,156.7,147.85
Jul-18,152.16,147.49,151.16
Aug-18,152.76,148.95,150.97
Sep-18,153.64,146.52,151.72
Oct-18,151.01,147.25,150.32
Nov-18,155.94,147.63,152.44
Dec-18,156.27,150.06,153.43
Jan-19,159.82,151.17,157.52
Feb-19,156.03,149.47,152.33
Mar-19,155.97,148.6,154.41
Apr-19,154.79,151.14,153.45
May-19,156.6,147.95,153.81
Jun-19,156.78,147.95,154.88
Jul-19,154.99,150.23,154.29
Aug-19,157.02,150.44,154.33
Sep-19,158.77,152.84,157.02
Oct-19,161.14,155.67,159.63
Nov-19,159.67,153.74,156.84
Dec-19,159.86,151.05,156.32
Jan-20,158.19,152.51,156.52
Feb-20,156.88,153.99,155.93
Mar-20,120.92,143.72,124.97
Apr-20,75.88,117.91,86.12
May-20,93.72,127.09,101.14
Jun-20,114.4,142.04,121.41
Jul-20,114.93,148.78,122.92
Aug-20,133.39,151.57,136.63
Sep-20,143.88,157.58,147.34
Oct-20,152.15,158.97,153.26
Nov-20,148.76,161.04,149.85
Dec-20,143.95,159.64,146.91
Jan-21,136.59,160.72,142.15
Feb-21,144.85,163.8,148.88
Mar-21,116.19,160.48,126.52
Apr-21,121.28,154.19,128.36
May-21,141.24,158.84,144.97
Jun-21,142.06,158.87,146.76
Jul-21,142.61,157.94,145.93
Aug-21,148.66,159.04,149.61
Sep-21,148.16,156.38,150.09
Oct-21,149.14,158.6,150.6
Nov-21,152.43,159.53,152.47
Dec-21,151.78,163.14,153.77
Jan-22,136.72,161.5,142.46
Feb-22,150.87,164.32,153.25
Mar-22,154.68,162.17,156.46
Apr-22,152.63,162.97,154.5
May-22,153.67,165.11,155.87
Jun-22,149.22,162.5,152.82
Jul-22,156.23,163.15,157.2
Aug-22,156.19,162.47,156.73
Sep-22,154.01,161.4,155.14
Oct-22,156.78,159.26,156.47
Nov-22,152.28,160.6,153.05
Dec-22,154.86,162.41,156.15
Jan-23,162.21,164.35,162.06
Feb-23,159.85,162.42,159.97
Mar-23,162.9,166.41,162.21
Apr-23,161.65,161.65,161.9
May-23,163.09,166.37,163.98
Jun-23,163.23,166.62,163.98
Jul-23,163.61,166.79,163.58
Aug-23,162.8,169.31,163.35
Sep-23,165.61,168.53,165.88
Oct-23,163.03,170.02,163.46
Nov-23,164.06,171.99,164.62
Dec-23,166.78,173.09,167.85
Jan-24,165.59,172.41,167.08
Feb-24,165.62,173.72,167.08
Mar-24,164.92,169.88,165.84
Apr-24,166.69,175.9,167.68
May-24,167.3,166.52,166.98
Jun-24,168.86,179,171.31
Jul-24,170.03,177.1,170.95
Aug-24,167.83,176.95,169.1
Sep-24,168.38,177.55,169.53
Oct-24,167.89,179.42,169.69
Nov-24,170.07,175.6,170.38
Dec-24,169.23,170.7,169.08
Jan-25,169.79,176.84,170.92
Feb-25,172.38,176.77,171.61
Mar-25,170.06,177.16,172.5
Apr-25,170.93,178.03,172.06
May-25,171.32,177.2,172.63
Jun-25,171.78,177.64,172.81
Jul-25,171.93,180.87,172.94
Aug-25,172.71,179.2,173.32
Sep-25,171.84,182.36,173.63
Oct-25,174.31,183.2,175.33
Nov-25,174.07,181.77,174.86
Dec-25,174.89,175.78,175.18
